grid_id,week_start,outbreak_binary,grid_lat,grid_lon,outbreak_count,pred_proba,split_name,model_name,display_label,n_grids_in_week,risk_rank,risk_percentile,top1,top5,top10,top20
G005326,2023-04-03,1,42.81574042469704,141.57264851348003,2,0.3922747812982273,test_fy2023,geo_season_previous_week_weather,Geography–season–previous-week weather,5491,1.0,1.0,True,True,True,True
G000416,2023-11-20,1,33.065246740495574,130.07421287675018,1,0.31612415875591177,test_fy2023,geo_season_previous_week_weather,Geography–season–previous-week weather,5491,736.0,0.8661446002549626,False,False,False,True
G000508,2023-11-27,1,32.08115028107473,130.34370746198604,1,0.6713727555730092,test_fy2023,geo_season_previous_week_weather,Geography–season–previous-week weather,5491,31.0,0.9945365142961209,True,True,True,True
G003353,2023-11-27,1,35.95162860749304,139.3268603031813,1,0.3751259756939288,test_fy2023,geo_season_previous_week_weather,Geography–season–previous-week weather,5491,1912.0,0.651975960662903,False,False,False,False
G004012,2023-11-27,1,36.38674045853819,140.2251755873008,1,0.41412110129251833,test_fy2023,geo_season_previous_week_weather,Geography–season–previous-week weather,5491,1592.0,0.7102531415042797,False,False,False,False
G002685,2024-01-01,1,35.58719413026271,136.72174597923464,1,0.28888486756361387,test_fy2023,geo_season_previous_week_weather,Geography–season–previous-week weather,5491,1350.0,0.754325259515571,False,False,False,False
G003237,2024-01-01,1,36.603389066376934,138.96753418953347,1,0.202119414669829,test_fy2023,geo_season_previous_week_weather,Geography–season–previous-week weather,5491,2178.0,0.6035330540885084,False,False,False,False
G001109,2024-01-22,1,34.112868403862876,131.60134885975336,1,0.4330075533741201,test_fy2023,geo_season_previous_week_weather,Geography–season–previous-week weather,5491,1101.0,0.7996721908577673,False,False,False,False
G000462,2024-02-05,1,31.393567757677687,130.25387593357408,1,0.13145161300465225,test_fy2023,geo_season_previous_week_weather,Geography–season–previous-week weather,5491,2264.0,0.5878710617373885,False,False,False,False
G001842,2024-02-05,1,34.187210306310234,133.75730554164022,1,0.17634251317070906,test_fy2023,geo_season_previous_week_weather,Geography–season–previous-week weather,5491,1845.0,0.6641777454015663,False,False,False,False
G001370,2024-03-11,1,34.70576689408365,132.4996641438729,1,0.0,test_fy2023,geo_season_previous_week_weather,Geography–season–previous-week weather,5491,1914.0,0.6516117282826444,False,False,False,False
G005326,2023-04-03,1,42.81574042469704,141.57264851348003,2,0.39101168034733,test_fy2023,geo_season_previous_week_weather_same_grid_lags,Baseline + same-grid outbreak lags,5491,1.0,1.0,True,True,True,True
G000416,2023-11-20,1,33.065246740495574,130.07421287675018,1,0.3202804765913845,test_fy2023,geo_season_previous_week_weather_same_grid_lags,Baseline + same-grid outbreak lags,5491,908.0,0.8348206155527227,False,False,False,True
G000508,2023-11-27,1,32.08115028107473,130.34370746198604,1,0.5977096693192155,test_fy2023,geo_season_previous_week_weather_same_grid_lags,Baseline + same-grid outbreak lags,5491,466.0,0.9153159715898743,False,False,True,True
G003353,2023-11-27,1,35.95162860749304,139.3268603031813,1,0.47903270096978834,test_fy2023,geo_season_previous_week_weather_same_grid_lags,Baseline + same-grid outbreak lags,5491,1464.0,0.7335640138408305,False,False,False,False
G004012,2023-11-27,1,36.38674045853819,140.2251755873008,1,0.49490638459449654,test_fy2023,geo_season_previous_week_weather_same_grid_lags,Baseline + same-grid outbreak lags,5491,1330.0,0.757967583318157,False,False,False,False
G002685,2024-01-01,1,35.58719413026271,136.72174597923464,1,0.2908027410507356,test_fy2023,geo_season_previous_week_weather_same_grid_lags,Baseline + same-grid outbreak lags,5491,1370.0,0.7506829357129849,False,False,False,False
G003237,2024-01-01,1,36.603389066376934,138.96753418953347,1,0.24396798157352909,test_fy2023,geo_season_previous_week_weather_same_grid_lags,Baseline + same-grid outbreak lags,5491,1968.0,0.641777454015662,False,False,False,False
G001109,2024-01-22,1,34.112868403862876,131.60134885975336,1,0.4293716646015564,test_fy2023,geo_season_previous_week_weather_same_grid_lags,Baseline + same-grid outbreak lags,5491,1057.0,0.8076853032234566,False,False,False,True
G000462,2024-02-05,1,31.393567757677687,130.25387593357408,1,0.1796975194085221,test_fy2023,geo_season_previous_week_weather_same_grid_lags,Baseline + same-grid outbreak lags,5491,2137.0,0.6109998178838099,False,False,False,False
G001842,2024-02-05,1,34.187210306310234,133.75730554164022,1,0.20924435293888297,test_fy2023,geo_season_previous_week_weather_same_grid_lags,Baseline + same-grid outbreak lags,5491,1574.0,0.7135312329266073,False,False,False,False
G001370,2024-03-11,1,34.70576689408365,132.4996641438729,1,0.008527692251328392,test_fy2023,geo_season_previous_week_weather_same_grid_lags,Baseline + same-grid outbreak lags,5491,2349.0,0.5723911855763977,False,False,False,False
G005326,2023-04-03,1,42.81574042469704,141.57264851348003,2,0.3980272523261703,test_fy2023,geo_season_previous_week_weather_neighbor_past,Baseline + neighboring past outbreaks,5491,1.0,1.0,True,True,True,True
G000416,2023-11-20,1,33.065246740495574,130.07421287675018,1,0.3121306088510492,test_fy2023,geo_season_previous_week_weather_neighbor_past,Baseline + neighboring past outbreaks,5491,821.0,0.850664724093972,False,False,False,True
G000508,2023-11-27,1,32.08115028107473,130.34370746198604,1,0.6790958635466806,test_fy2023,geo_season_previous_week_weather_neighbor_past,Baseline + neighboring past outbreaks,5491,71.0,0.9872518666909488,False,True,True,True
G003353,2023-11-27,1,35.95162860749304,139.3268603031813,1,0.42236072960460835,test_fy2023,geo_season_previous_week_weather_neighbor_past,Baseline + neighboring past outbreaks,5491,1818.0,0.6690948825350573,False,False,False,False
G004012,2023-11-27,1,36.38674045853819,140.2251755873008,1,0.43182768153649526,test_fy2023,geo_season_previous_week_weather_neighbor_past,Baseline + neighboring past outbreaks,5491,1724.0,0.6862138044072118,False,False,False,False
G002685,2024-01-01,1,35.58719413026271,136.72174597923464,1,0.3494978315529719,test_fy2023,geo_season_previous_week_weather_neighbor_past,Baseline + neighboring past outbreaks,5491,678.0,0.8767073392824623,False,False,False,True
G003237,2024-01-01,1,36.603389066376934,138.96753418953347,1,0.18289856110417863,test_fy2023,geo_season_previous_week_weather_neighbor_past,Baseline + neighboring past outbreaks,5491,2276.0,0.5856856674558368,False,False,False,False
G001109,2024-01-22,1,34.112868403862876,131.60134885975336,1,0.3099854821560034,test_fy2023,geo_season_previous_week_weather_neighbor_past,Baseline + neighboring past outbreaks,5491,1364.0,0.7517756328537607,False,False,False,False
G000462,2024-02-05,1,31.393567757677687,130.25387593357408,1,0.03592760300594865,test_fy2023,geo_season_previous_week_weather_neighbor_past,Baseline + neighboring past outbreaks,5491,2552.0,0.5354215989801494,False,False,False,False
G001842,2024-02-05,1,34.187210306310234,133.75730554164022,1,0.0758902669851885,test_fy2023,geo_season_previous_week_weather_neighbor_past,Baseline + neighboring past outbreaks,5491,1293.0,0.7647058823529411,False,False,False,False
G001370,2024-03-11,1,34.70576689408365,132.4996641438729,1,0.005247436695646816,test_fy2023,geo_season_previous_week_weather_neighbor_past,Baseline + neighboring past outbreaks,5491,1846.0,0.6639956292114368,False,False,False,False
G005326,2023-04-03,1,42.81574042469704,141.57264851348003,2,0.44085321705942976,test_fy2023,geo_season_previous_week_weather_lags_neighbor_past,Baseline + same-grid lags + neighboring past outbreaks,5491,1.0,1.0,True,True,True,True
G000416,2023-11-20,1,33.065246740495574,130.07421287675018,1,0.3194577117860538,test_fy2023,geo_season_previous_week_weather_lags_neighbor_past,Baseline + same-grid lags + neighboring past outbreaks,5491,965.0,0.8244399927153524,False,False,False,True
G000508,2023-11-27,1,32.08115028107473,130.34370746198604,1,0.6461239988718609,test_fy2023,geo_season_previous_week_weather_lags_neighbor_past,Baseline + same-grid lags + neighboring past outbreaks,5491,354.0,0.9357129848843562,False,False,True,True
G003353,2023-11-27,1,35.95162860749304,139.3268603031813,1,0.47731509376505177,test_fy2023,geo_season_previous_week_weather_lags_neighbor_past,Baseline + same-grid lags + neighboring past outbreaks,5491,1885.0,0.656893097796394,False,False,False,False
G004012,2023-11-27,1,36.38674045853819,140.2251755873008,1,0.464544377038973,test_fy2023,geo_season_previous_week_weather_lags_neighbor_past,Baseline + same-grid lags + neighboring past outbreaks,5491,1977.0,0.6401384083044983,False,False,False,False
G002685,2024-01-01,1,35.58719413026271,136.72174597923464,1,0.3594197476220979,test_fy2023,geo_season_previous_week_weather_lags_neighbor_past,Baseline + same-grid lags + neighboring past outbreaks,5491,941.0,0.8288107812784556,False,False,False,True
G003237,2024-01-01,1,36.603389066376934,138.96753418953347,1,0.19608079974250145,test_fy2023,geo_season_previous_week_weather_lags_neighbor_past,Baseline + same-grid lags + neighboring past outbreaks,5491,2294.0,0.5824075760335095,False,False,False,False
G001109,2024-01-22,1,34.112868403862876,131.60134885975336,1,0.32355609624749637,test_fy2023,geo_season_previous_week_weather_lags_neighbor_past,Baseline + same-grid lags + neighboring past outbreaks,5491,1469.0,0.7326534328901839,False,False,False,False
G000462,2024-02-05,1,31.393567757677687,130.25387593357408,1,0.06347683778104841,test_fy2023,geo_season_previous_week_weather_lags_neighbor_past,Baseline + same-grid lags + neighboring past outbreaks,5491,2255.0,0.5895101074485523,False,False,False,False
G001842,2024-02-05,1,34.187210306310234,133.75730554164022,1,0.06831574468209896,test_fy2023,geo_season_previous_week_weather_lags_neighbor_past,Baseline + same-grid lags + neighboring past outbreaks,5491,2135.0,0.6113640502640685,False,False,False,False
G001370,2024-03-11,1,34.70576689408365,132.4996641438729,1,0.008833759105981524,test_fy2023,geo_season_previous_week_weather_lags_neighbor_past,Baseline + same-grid lags + neighboring past outbreaks,5491,1823.0,0.6681843015844109,False,False,False,False
G004107,2024-04-29,1,35.733168284838165,140.31500711571275,1,0.0,test_fy2024,geo_season_previous_week_weather,Geography–season–previous-week weather,5491,5265.0,0.04134037515935163,False,False,False,False
G005564,2024-10-14,1,42.74981001339923,141.93197462712786,1,0.011191944089318024,test_fy2024,geo_season_previous_week_weather,Geography–season–previous-week weather,5491,80.0,0.9856128209797851,False,True,True,True
G003074,2024-10-21,1,37.10654050755949,138.33871349064978,1,0.041070617357684164,test_fy2024,geo_season_previous_week_weather,Geography–season–previous-week weather,5491,419.0,0.9238754325259515,False,False,True,True
G004433,2024-10-21,1,35.87887536332104,140.58450170094858,1,0.0,test_fy2024,geo_season_previous_week_weather,Geography–season–previous-week weather,5491,5316.0,0.032052449462757204,False,False,False,False
G001376,2024-10-28,1,35.14767384591075,132.4996641438729,1,0.016711567592869375,test_fy2024,geo_season_previous_week_weather,Geography–season–previous-week weather,5491,2271.0,0.5865962484064833,False,False,False,False
G001842,2024-11-04,1,34.187210306310234,133.75730554164022,1,0.04366641551687269,test_fy2024,geo_season_previous_week_weather,Geography–season–previous-week weather,5491,3668.0,0.33217993079584773,False,False,False,False
G003462,2024-11-04,1,38.032143327565045,139.5065233600052,1,0.12480074757232246,test_fy2024,geo_season_previous_week_weather,Geography–season–previous-week weather,5491,2612.0,0.5244946275723912,False,False,False,False
G005100,2024-11-04,1,38.45545460149992,141.30315392824426,1,0.1409579874385398,test_fy2024,geo_season_previous_week_weather,Geography–season–previous-week weather,5491,2297.0,0.5818612274631214,False,False,False,False
G005825,2024-11-11,1,43.73138840989611,142.38113226918765,1,0.003247022441865067,test_fy2024,geo_season_previous_week_weather,Geography–season–previous-week weather,5491,4493.0,0.18193407393917316,False,False,False,False
G000508,2024-11-18,1,32.08115028107473,130.34370746198604,1,0.19112946437972295,test_fy2024,geo_season_previous_week_weather,Geography–season–previous-week weather,5491,2383.0,0.5661992351120014,False,False,False,False
G002668,2024-11-18,1,35.587194130262716,136.6319144508227,1,0.3723963003968441,test_fy2024,geo_season_previous_week_weather,Geography–season–previous-week weather,5491,1167.0,0.7876525223092333,False,False,False,False
G003436,2024-11-25,1,36.16948649196524,139.50652336000516,1,0.693328894890446,test_fy2024,geo_season_previous_week_weather,Geography–season–previous-week weather,5491,494.0,0.9102167182662538,False,False,True,True
G001055,2024-12-02,1,32.233251324742064,131.51151733134142,1,0.8698986903980165,test_fy2024,geo_season_previous_week_weather,Geography–season–previous-week weather,5491,3.0,0.9996357676197414,True,True,True,True
G001621,2024-12-09,1,33.88945058720861,133.1284848427566,1,0.748527426978249,test_fy2024,geo_season_previous_week_weather,Geography–season–previous-week weather,5491,459.0,0.9165907849207795,False,False,True,True
G000704,2024-12-16,1,31.776188273421692,130.7928651040458,1,0.7132154809046212,test_fy2024,geo_season_previous_week_weather,Geography–season–previous-week weather,5491,469.0,0.9147696230194864,False,False,True,True
G001621,2024-12-16,1,33.88945058720861,133.1284848427566,1,0.6793460839501845,test_fy2024,geo_season_previous_week_weather,Geography–season–previous-week weather,5491,664.0,0.8792569659442724,False,False,False,True
G003644,2024-12-23,1,36.16948649196524,139.86584947365296,1,0.6942887249472706,test_fy2024,geo_season_previous_week_weather,Geography–season–previous-week weather,5491,157.0,0.9715898743398288,False,True,True,True
G002735,2024-12-30,1,34.85333357833916,136.90140903605854,1,0.417213306356202,test_fy2024,geo_season_previous_week_weather,Geography–season–previous-week weather,5491,574.0,0.8956474230559097,False,False,False,True
G005119,2024-12-30,1,39.77961194861075,141.30315392824423,1,0.0,test_fy2024,geo_season_previous_week_weather,Geography–season–previous-week weather,5491,4204.0,0.23456565288654163,False,False,False,False
G005259,2024-12-30,1,40.32968554515822,141.48281698506813,1,0.003192061836662867,test_fy2024,geo_season_previous_week_weather,Geography–season–previous-week weather,5491,3086.0,0.4381715534511018,False,False,False,False
G000704,2025-01-06,1,31.776188273421692,130.7928651040458,1,0.4010011438659109,test_fy2024,geo_season_previous_week_weather,Geography–season–previous-week weather,5491,1416.0,0.742305590967037,False,False,False,False
G000933,2025-01-06,1,31.470217456459572,131.24202274610556,1,0.45345847492867414,test_fy2024,geo_season_previous_week_weather,Geography–season–previous-week weather,5491,1057.0,0.8076853032234566,False,False,False,True
G002735,2025-01-06,1,34.85333357833916,136.90140903605854,5,0.5141047520399027,test_fy2024,geo_season_previous_week_weather,Geography–season–previous-week weather,5491,652.0,0.8814423602258241,False,False,False,True
G005119,2025-01-06,1,39.77961194861075,141.30315392824423,1,0.0,test_fy2024,geo_season_previous_week_weather,Geography–season–previous-week weather,5491,4076.0,0.25787652522309235,False,False,False,False
G002735,2025-01-13,1,34.85333357833916,136.90140903605854,2,0.5089868459276796,test_fy2024,geo_season_previous_week_weather,Geography–season–previous-week weather,5491,507.0,0.9078492077945729,False,False,True,True
G002736,2025-01-13,1,34.92701787656751,136.90140903605854,3,0.5089868459276796,test_fy2024,geo_season_previous_week_weather,Geography–season–previous-week weather,5491,508.0,0.9076670916044436,False,False,True,True
G002735,2025-01-20,1,34.85333357833916,136.90140903605854,1,0.5184054940979747,test_fy2024,geo_season_previous_week_weather,Geography–season–previous-week weather,5491,819.0,0.8510289564742306,False,False,False,True
G005119,2025-01-20,1,39.77961194861075,141.30315392824423,2,0.0,test_fy2024,geo_season_previous_week_weather,Geography–season–previous-week weather,5491,4057.0,0.26133673283554903,False,False,False,False
G002736,2025-01-27,1,34.92701787656751,136.90140903605854,1,0.4372336800591509,test_fy2024,geo_season_previous_week_weather,Geography–season–previous-week weather,5491,1290.0,0.7652522309233291,False,False,False,False
G004430,2025-01-27,1,35.66021456351283,140.58450170094864,2,0.6155895451096389,test_fy2024,geo_season_previous_week_weather,Geography–season–previous-week weather,5491,189.0,0.9657621562556912,False,True,True,True
G004107,2024-04-29,1,35.733168284838165,140.31500711571275,1,0.00022451567717060575,test_fy2024,geo_season_previous_week_weather_same_grid_lags,Baseline + same-grid outbreak lags,5491,5284.0,0.03788016754689494,False,False,False,False
G005564,2024-10-14,1,42.74981001339923,141.93197462712786,1,0.007650829170378402,test_fy2024,geo_season_previous_week_weather_same_grid_lags,Baseline + same-grid outbreak lags,5491,402.0,0.9269714077581497,False,False,True,True
G003074,2024-10-21,1,37.10654050755949,138.33871349064978,1,0.02843732504947718,test_fy2024,geo_season_previous_week_weather_same_grid_lags,Baseline + same-grid outbreak lags,5491,1126.0,0.7951192861045346,False,False,False,False
G004433,2024-10-21,1,35.87887536332104,140.58450170094858,1,0.00478978820144641,test_fy2024,geo_season_previous_week_weather_same_grid_lags,Baseline + same-grid outbreak lags,5491,5462.0,0.005463485703879112,False,False,False,False
G001376,2024-10-28,1,35.14767384591075,132.4996641438729,1,0.031323502624035604,test_fy2024,geo_season_previous_week_weather_same_grid_lags,Baseline + same-grid outbreak lags,5491,2533.0,0.5388818065926061,False,False,False,False
G001842,2024-11-04,1,34.187210306310234,133.75730554164022,1,0.12490289195722205,test_fy2024,geo_season_previous_week_weather_same_grid_lags,Baseline + same-grid outbreak lags,5491,3270.0,0.4046621744673101,False,False,False,False
G003462,2024-11-04,1,38.032143327565045,139.5065233600052,1,0.14665884987865682,test_fy2024,geo_season_previous_week_weather_same_grid_lags,Baseline + same-grid outbreak lags,5491,2957.0,0.46166454197778184,False,False,False,False
G005100,2024-11-04,1,38.45545460149992,141.30315392824426,1,0.15831337999844022,test_fy2024,geo_season_previous_week_weather_same_grid_lags,Baseline + same-grid outbreak lags,5491,2691.0,0.5101074485521763,False,False,False,False
G005825,2024-11-11,1,43.73138840989611,142.38113226918765,1,0.007618955708266221,test_fy2024,geo_season_previous_week_weather_same_grid_lags,Baseline + same-grid outbreak lags,5491,4923.0,0.10362411218357315,False,False,False,False
G000508,2024-11-18,1,32.08115028107473,130.34370746198604,1,0.19242878795903295,test_fy2024,geo_season_previous_week_weather_same_grid_lags,Baseline + same-grid outbreak lags,5491,3100.0,0.43562192678929157,False,False,False,False
G002668,2024-11-18,1,35.587194130262716,136.6319144508227,1,0.40259637104239737,test_fy2024,geo_season_previous_week_weather_same_grid_lags,Baseline + same-grid outbreak lags,5491,1216.0,0.7787288289928975,False,False,False,False
G003436,2024-11-25,1,36.16948649196524,139.50652336000516,1,0.7013086531273851,test_fy2024,geo_season_previous_week_weather_same_grid_lags,Baseline + same-grid outbreak lags,5491,642.0,0.8832635221271171,False,False,False,True
G001055,2024-12-02,1,32.233251324742064,131.51151733134142,1,0.8521932301911292,test_fy2024,geo_season_previous_week_weather_same_grid_lags,Baseline + same-grid outbreak lags,5491,3.0,0.9996357676197414,True,True,True,True
G001621,2024-12-09,1,33.88945058720861,133.1284848427566,1,0.7587042710058693,test_fy2024,geo_season_previous_week_weather_same_grid_lags,Baseline + same-grid outbreak lags,5491,571.0,0.8961937716262975,False,False,False,True
G000704,2024-12-16,1,31.776188273421692,130.7928651040458,1,0.689499811870405,test_fy2024,geo_season_previous_week_weather_same_grid_lags,Baseline + same-grid outbreak lags,5491,592.0,0.8923693316335822,False,False,False,True
G001621,2024-12-16,1,33.88945058720861,133.1284848427566,1,0.7220918033881396,test_fy2024,geo_season_previous_week_weather_same_grid_lags,Baseline + same-grid outbreak lags,5491,417.0,0.9242396649062101,False,False,True,True
G003644,2024-12-23,1,36.16948649196524,139.86584947365296,1,0.6696704850804607,test_fy2024,geo_season_previous_week_weather_same_grid_lags,Baseline + same-grid outbreak lags,5491,110.0,0.980149335275906,False,True,True,True
G002735,2024-12-30,1,34.85333357833916,136.90140903605854,1,0.47756667147602133,test_fy2024,geo_season_previous_week_weather_same_grid_lags,Baseline + same-grid outbreak lags,5491,49.0,0.9912584228737935,True,True,True,True
G005119,2024-12-30,1,39.77961194861075,141.30315392824423,1,0.006361212322237633,test_fy2024,geo_season_previous_week_weather_same_grid_lags,Baseline + same-grid outbreak lags,5491,4166.0,0.24148606811145512,False,False,False,False
G005259,2024-12-30,1,40.32968554515822,141.48281698506813,1,0.01125186508762492,test_fy2024,geo_season_previous_week_weather_same_grid_lags,Baseline + same-grid outbreak lags,5491,3189.0,0.41941358586778366,False,False,False,False
G000704,2025-01-06,1,31.776188273421692,130.7928651040458,1,0.4686708274218904,test_fy2024,geo_season_previous_week_weather_same_grid_lags,Baseline + same-grid outbreak lags,5491,1097.0,0.8004006556182844,False,False,False,True
G000933,2025-01-06,1,31.470217456459572,131.24202274610556,1,0.43088765098310083,test_fy2024,geo_season_previous_week_weather_same_grid_lags,Baseline + same-grid outbreak lags,5491,1325.0,0.7588781642688035,False,False,False,False
G002735,2025-01-06,1,34.85333357833916,136.90140903605854,5,0.6176920349638203,test_fy2024,geo_season_previous_week_weather_same_grid_lags,Baseline + same-grid outbreak lags,5491,90.0,0.9837916590784921,False,True,True,True
G005119,2025-01-06,1,39.77961194861075,141.30315392824423,1,0.08857877557711859,test_fy2024,geo_season_previous_week_weather_same_grid_lags,Baseline + same-grid outbreak lags,5491,2558.0,0.5343289018393735,False,False,False,False
G002735,2025-01-13,1,34.85333357833916,136.90140903605854,2,0.5760266742977169,test_fy2024,geo_season_previous_week_weather_same_grid_lags,Baseline + same-grid outbreak lags,5491,290.0,0.9473684210526316,False,False,True,True
G002736,2025-01-13,1,34.92701787656751,136.90140903605854,3,0.5228644582227318,test_fy2024,geo_season_previous_week_weather_same_grid_lags,Baseline + same-grid outbreak lags,5491,448.0,0.9185940630122018,False,False,True,True
G002735,2025-01-20,1,34.85333357833916,136.90140903605854,1,0.5838600909736613,test_fy2024,geo_season_previous_week_weather_same_grid_lags,Baseline + same-grid outbreak lags,5491,229.0,0.9584775086505191,False,True,True,True
G005119,2025-01-20,1,39.77961194861075,141.30315392824423,2,0.027788701043069453,test_fy2024,geo_season_previous_week_weather_same_grid_lags,Baseline + same-grid outbreak lags,5491,2687.0,0.5108359133126935,False,False,False,False
G002736,2025-01-27,1,34.92701787656751,136.90140903605854,1,0.451377134905309,test_fy2024,geo_season_previous_week_weather_same_grid_lags,Baseline + same-grid outbreak lags,5491,1350.0,0.754325259515571,False,False,False,False
G004430,2025-01-27,1,35.66021456351283,140.58450170094864,2,0.6556289331202207,test_fy2024,geo_season_previous_week_weather_same_grid_lags,Baseline + same-grid outbreak lags,5491,179.0,0.9675833181569842,False,True,True,True
G004107,2024-04-29,1,35.733168284838165,140.31500711571275,1,0.0,test_fy2024,geo_season_previous_week_weather_neighbor_past,Baseline + neighboring past outbreaks,5491,5454.0,0.00692041522491349,False,False,False,False
G005564,2024-10-14,1,42.74981001339923,141.93197462712786,1,0.009632113187051438,test_fy2024,geo_season_previous_week_weather_neighbor_past,Baseline + neighboring past outbreaks,5491,226.0,0.9590238572209069,False,True,True,True
G003074,2024-10-21,1,37.10654050755949,138.33871349064978,1,0.029939904631390735,test_fy2024,geo_season_previous_week_weather_neighbor_past,Baseline + neighboring past outbreaks,5491,675.0,0.8772536878528501,False,False,False,True
G004433,2024-10-21,1,35.87887536332104,140.58450170094858,1,0.0051478924771973765,test_fy2024,geo_season_previous_week_weather_neighbor_past,Baseline + neighboring past outbreaks,5491,4317.0,0.21398652340193047,False,False,False,False
G001376,2024-10-28,1,35.14767384591075,132.4996641438729,1,0.02162946699683369,test_fy2024,geo_season_previous_week_weather_neighbor_past,Baseline + neighboring past outbreaks,5491,2532.0,0.5390639227827354,False,False,False,False
G001842,2024-11-04,1,34.187210306310234,133.75730554164022,1,0.11726717635681162,test_fy2024,geo_season_previous_week_weather_neighbor_past,Baseline + neighboring past outbreaks,5491,3117.0,0.4325259515570934,False,False,False,False
G003462,2024-11-04,1,38.032143327565045,139.5065233600052,1,0.14135114366257093,test_fy2024,geo_season_previous_week_weather_neighbor_past,Baseline + neighboring past outbreaks,5491,2739.0,0.5013658714259698,False,False,False,False
G005100,2024-11-04,1,38.45545460149992,141.30315392824426,1,0.15878728049400753,test_fy2024,geo_season_previous_week_weather_neighbor_past,Baseline + neighboring past outbreaks,5491,2285.0,0.5840466217446731,False,False,False,False
G005825,2024-11-11,1,43.73138840989611,142.38113226918765,1,0.004225931231357128,test_fy2024,geo_season_previous_week_weather_neighbor_past,Baseline + neighboring past outbreaks,5491,5052.0,0.08013112365689312,False,False,False,False
G000508,2024-11-18,1,32.08115028107473,130.34370746198604,1,0.1408834267017833,test_fy2024,geo_season_previous_week_weather_neighbor_past,Baseline + neighboring past outbreaks,5491,3407.0,0.3797122564195957,False,False,False,False
G002668,2024-11-18,1,35.587194130262716,136.6319144508227,1,0.38721810263297596,test_fy2024,geo_season_previous_week_weather_neighbor_past,Baseline + neighboring past outbreaks,5491,1125.0,0.7953014022946641,False,False,False,False
G003436,2024-11-25,1,36.16948649196524,139.50652336000516,1,0.6565719603030915,test_fy2024,geo_season_previous_week_weather_neighbor_past,Baseline + neighboring past outbreaks,5491,507.0,0.9078492077945729,False,False,True,True
G001055,2024-12-02,1,32.233251324742064,131.51151733134142,1,0.8199890724446232,test_fy2024,geo_season_previous_week_weather_neighbor_past,Baseline + neighboring past outbreaks,5491,2.0,0.9998178838098707,True,True,True,True
G001621,2024-12-09,1,33.88945058720861,133.1284848427566,1,0.7068901362394167,test_fy2024,geo_season_previous_week_weather_neighbor_past,Baseline + neighboring past outbreaks,5491,224.0,0.9593880896011655,False,True,True,True
G000704,2024-12-16,1,31.776188273421692,130.7928651040458,1,0.5396293904491791,test_fy2024,geo_season_previous_week_weather_neighbor_past,Baseline + neighboring past outbreaks,5491,1092.0,0.801311236568931,False,False,False,True
G001621,2024-12-16,1,33.88945058720861,133.1284848427566,1,0.6045412286820747,test_fy2024,geo_season_previous_week_weather_neighbor_past,Baseline + neighboring past outbreaks,5491,516.0,0.9062101620834092,False,False,True,True
G003644,2024-12-23,1,36.16948649196524,139.86584947365296,1,0.6132579456142951,test_fy2024,geo_season_previous_week_weather_neighbor_past,Baseline + neighboring past outbreaks,5491,106.0,0.9808778000364232,False,True,True,True
G002735,2024-12-30,1,34.85333357833916,136.90140903605854,1,0.46652015504616146,test_fy2024,geo_season_previous_week_weather_neighbor_past,Baseline + neighboring past outbreaks,5491,194.0,0.9648515753050446,False,True,True,True
G005119,2024-12-30,1,39.77961194861075,141.30315392824423,1,0.0,test_fy2024,geo_season_previous_week_weather_neighbor_past,Baseline + neighboring past outbreaks,5491,4190.0,0.23711527954835188,False,False,False,False
G005259,2024-12-30,1,40.32968554515822,141.48281698506813,1,0.005221311746309213,test_fy2024,geo_season_previous_week_weather_neighbor_past,Baseline + neighboring past outbreaks,5491,2951.0,0.4627572391185576,False,False,False,False
G000704,2025-01-06,1,31.776188273421692,130.7928651040458,1,0.4096004381070984,test_fy2024,geo_season_previous_week_weather_neighbor_past,Baseline + neighboring past outbreaks,5491,1080.0,0.8034966308504826,False,False,False,True
G000933,2025-01-06,1,31.470217456459572,131.24202274610556,1,0.3310361774158614,test_fy2024,geo_season_previous_week_weather_neighbor_past,Baseline + neighboring past outbreaks,5491,1553.0,0.7173556729193225,False,False,False,False
G002735,2025-01-06,1,34.85333357833916,136.90140903605854,5,0.5404440680692206,test_fy2024,geo_season_previous_week_weather_neighbor_past,Baseline + neighboring past outbreaks,5491,238.0,0.9568384629393553,False,True,True,True
G005119,2025-01-06,1,39.77961194861075,141.30315392824423,1,0.0,test_fy2024,geo_season_previous_week_weather_neighbor_past,Baseline + neighboring past outbreaks,5491,4117.0,0.2504097614277909,False,False,False,False
G002735,2025-01-13,1,34.85333357833916,136.90140903605854,2,0.5211102225921546,test_fy2024,geo_season_previous_week_weather_neighbor_past,Baseline + neighboring past outbreaks,5491,241.0,0.9562921143689674,False,True,True,True
G002736,2025-01-13,1,34.92701787656751,136.90140903605854,3,0.30275658888307905,test_fy2024,geo_season_previous_week_weather_neighbor_past,Baseline + neighboring past outbreaks,5491,942.0,0.8286286650883263,False,False,False,True
G002735,2025-01-20,1,34.85333357833916,136.90140903605854,1,0.5066835186790978,test_fy2024,geo_season_previous_week_weather_neighbor_past,Baseline + neighboring past outbreaks,5491,282.0,0.948825350573666,False,False,True,True
G005119,2025-01-20,1,39.77961194861075,141.30315392824423,2,0.0,test_fy2024,geo_season_previous_week_weather_neighbor_past,Baseline + neighboring past outbreaks,5491,4128.0,0.2484064833363686,False,False,False,False
G002736,2025-01-27,1,34.92701787656751,136.90140903605854,1,0.3945837415074018,test_fy2024,geo_season_previous_week_weather_neighbor_past,Baseline + neighboring past outbreaks,5491,1134.0,0.7936623565835003,False,False,False,False
G004430,2025-01-27,1,35.66021456351283,140.58450170094864,2,0.38396413949846725,test_fy2024,geo_season_previous_week_weather_neighbor_past,Baseline + neighboring past outbreaks,5491,1251.0,0.7723547623383719,False,False,False,False
G004107,2024-04-29,1,35.733168284838165,140.31500711571275,1,0.0,test_fy2024,geo_season_previous_week_weather_lags_neighbor_past,Baseline + same-grid lags + neighboring past outbreaks,5491,5471.0,0.0038244399927153117,False,False,False,False
G005564,2024-10-14,1,42.74981001339923,141.93197462712786,1,0.016734165321813273,test_fy2024,geo_season_previous_week_weather_lags_neighbor_past,Baseline + same-grid lags + neighboring past outbreaks,5491,145.0,0.9737752686213804,False,True,True,True
G003074,2024-10-21,1,37.10654050755949,138.33871349064978,1,0.025174608882532905,test_fy2024,geo_season_previous_week_weather_lags_neighbor_past,Baseline + same-grid lags + neighboring past outbreaks,5491,1494.0,0.7281005281369514,False,False,False,False
G004433,2024-10-21,1,35.87887536332104,140.58450170094858,1,0.0,test_fy2024,geo_season_previous_week_weather_lags_neighbor_past,Baseline + same-grid lags + neighboring past outbreaks,5491,5484.0,0.001456929521034378,False,False,False,False
G001376,2024-10-28,1,35.14767384591075,132.4996641438729,1,0.04015850519025247,test_fy2024,geo_season_previous_week_weather_lags_neighbor_past,Baseline + same-grid lags + neighboring past outbreaks,5491,2544.0,0.5368785285011838,False,False,False,False
G001842,2024-11-04,1,34.187210306310234,133.75730554164022,1,0.15026728876990908,test_fy2024,geo_season_previous_week_weather_lags_neighbor_past,Baseline + same-grid lags + neighboring past outbreaks,5491,3199.0,0.41759242396649066,False,False,False,False
G003462,2024-11-04,1,38.032143327565045,139.5065233600052,1,0.20690285890378118,test_fy2024,geo_season_previous_week_weather_lags_neighbor_past,Baseline + same-grid lags + neighboring past outbreaks,5491,2347.0,0.5727554179566563,False,False,False,False
G005100,2024-11-04,1,38.45545460149992,141.30315392824426,1,0.21160243188929936,test_fy2024,geo_season_previous_week_weather_lags_neighbor_past,Baseline + same-grid lags + neighboring past outbreaks,5491,2233.0,0.5935166636313969,False,False,False,False
G005825,2024-11-11,1,43.73138840989611,142.38113226918765,1,0.005218089493908532,test_fy2024,geo_season_previous_week_weather_lags_neighbor_past,Baseline + same-grid lags + neighboring past outbreaks,5491,4991.0,0.09124021125478055,False,False,False,False
G000508,2024-11-18,1,32.08115028107473,130.34370746198604,1,0.20334671001063798,test_fy2024,geo_season_previous_week_weather_lags_neighbor_past,Baseline + same-grid lags + neighboring past outbreaks,5491,3203.0,0.4168639592059734,False,False,False,False
G002668,2024-11-18,1,35.587194130262716,136.6319144508227,1,0.40902448921565,test_fy2024,geo_season_previous_week_weather_lags_neighbor_past,Baseline + same-grid lags + neighboring past outbreaks,5491,1220.0,0.7780003642323803,False,False,False,False
G003436,2024-11-25,1,36.16948649196524,139.50652336000516,1,0.6491207967593833,test_fy2024,geo_season_previous_week_weather_lags_neighbor_past,Baseline + same-grid lags + neighboring past outbreaks,5491,1092.0,0.801311236568931,False,False,False,True
G001055,2024-12-02,1,32.233251324742064,131.51151733134142,1,0.794161194625213,test_fy2024,geo_season_previous_week_weather_lags_neighbor_past,Baseline + same-grid lags + neighboring past outbreaks,5491,26.0,0.9954470952467674,True,True,True,True
G001621,2024-12-09,1,33.88945058720861,133.1284848427566,1,0.7127602529139105,test_fy2024,geo_season_previous_week_weather_lags_neighbor_past,Baseline + same-grid lags + neighboring past outbreaks,5491,537.0,0.9023857220906939,False,False,True,True
G000704,2024-12-16,1,31.776188273421692,130.7928651040458,1,0.6246975894332857,test_fy2024,geo_season_previous_week_weather_lags_neighbor_past,Baseline + same-grid lags + neighboring past outbreaks,5491,652.0,0.8814423602258241,False,False,False,True
G001621,2024-12-16,1,33.88945058720861,133.1284848427566,1,0.7693659528387059,test_fy2024,geo_season_previous_week_weather_lags_neighbor_past,Baseline + same-grid lags + neighboring past outbreaks,5491,28.0,0.9950828628665088,True,True,True,True
G003644,2024-12-23,1,36.16948649196524,139.86584947365296,1,0.6615217828851395,test_fy2024,geo_season_previous_week_weather_lags_neighbor_past,Baseline + same-grid lags + neighboring past outbreaks,5491,19.0,0.9967219085776725,True,True,True,True
G002735,2024-12-30,1,34.85333357833916,136.90140903605854,1,0.4803698098911666,test_fy2024,geo_season_previous_week_weather_lags_neighbor_past,Baseline + same-grid lags + neighboring past outbreaks,5491,61.0,0.9890730285922419,False,True,True,True
G005119,2024-12-30,1,39.77961194861075,141.30315392824423,1,0.002351338680742713,test_fy2024,geo_season_previous_week_weather_lags_neighbor_past,Baseline + same-grid lags + neighboring past outbreaks,5491,4187.0,0.2376616281187398,False,False,False,False
G005259,2024-12-30,1,40.32968554515822,141.48281698506813,1,0.010870691987732443,test_fy2024,geo_season_previous_week_weather_lags_neighbor_past,Baseline + same-grid lags + neighboring past outbreaks,5491,2945.0,0.46384993625933346,False,False,False,False
G000704,2025-01-06,1,31.776188273421692,130.7928651040458,1,0.4566693015160112,test_fy2024,geo_season_previous_week_weather_lags_neighbor_past,Baseline + same-grid lags + neighboring past outbreaks,5491,636.0,0.8843562192678929,False,False,False,True
G000933,2025-01-06,1,31.470217456459572,131.24202274610556,1,0.40843835465714173,test_fy2024,geo_season_previous_week_weather_lags_neighbor_past,Baseline + same-grid lags + neighboring past outbreaks,5491,969.0,0.8237115279548352,False,False,False,True
G002735,2025-01-06,1,34.85333357833916,136.90140903605854,5,0.5848566562493666,test_fy2024,geo_season_previous_week_weather_lags_neighbor_past,Baseline + same-grid lags + neighboring past outbreaks,5491,173.0,0.9686760152977599,False,True,True,True
G005119,2025-01-06,1,39.77961194861075,141.30315392824423,1,0.06782522031444117,test_fy2024,geo_season_previous_week_weather_lags_neighbor_past,Baseline + same-grid lags + neighboring past outbreaks,5491,2579.0,0.5305044618466581,False,False,False,False
G002735,2025-01-13,1,34.85333357833916,136.90140903605854,2,0.5313059474074524,test_fy2024,geo_season_previous_week_weather_lags_neighbor_past,Baseline + same-grid lags + neighboring past outbreaks,5491,250.0,0.9546530686578036,False,True,True,True
G002736,2025-01-13,1,34.92701787656751,136.90140903605854,3,0.27813570305389623,test_fy2024,geo_season_previous_week_weather_lags_neighbor_past,Baseline + same-grid lags + neighboring past outbreaks,5491,950.0,0.827171735567292,False,False,False,True
G002735,2025-01-20,1,34.85333357833916,136.90140903605854,1,0.49070708998979495,test_fy2024,geo_season_previous_week_weather_lags_neighbor_past,Baseline + same-grid lags + neighboring past outbreaks,5491,316.0,0.9426334001092698,False,False,True,True
G005119,2025-01-20,1,39.77961194861075,141.30315392824423,2,0.003923292713700336,test_fy2024,geo_season_previous_week_weather_lags_neighbor_past,Baseline + same-grid lags + neighboring past outbreaks,5491,3110.0,0.43380076488799857,False,False,False,False
G002736,2025-01-27,1,34.92701787656751,136.90140903605854,1,0.32097894975084534,test_fy2024,geo_season_previous_week_weather_lags_neighbor_past,Baseline + same-grid lags + neighboring past outbreaks,5491,1706.0,0.6894918958295393,False,False,False,False
G004430,2025-01-27,1,35.66021456351283,140.58450170094864,2,0.31262363772731977,test_fy2024,geo_season_previous_week_weather_lags_neighbor_past,Baseline + same-grid lags + neighboring past outbreaks,5491,1750.0,0.6814787834638499,False,False,False,False
G005084,2025-10-20,1,42.5515976058003,141.21332239983226,1,0.0924591672190812,test_fy2025,geo_season_previous_week_weather,Geography–season–previous-week weather,5491,78.0,0.9859770533600437,False,True,True,True
G005272,2025-10-27,1,42.88160061917065,141.48281698506813,1,0.017939971111158474,test_fy2025,geo_season_previous_week_weather,Geography–season–previous-week weather,5491,4036.0,0.26516117282826446,False,False,False,False
G003462,2025-11-03,1,38.032143327565045,139.5065233600052,2,0.3078264308119093,test_fy2025,geo_season_previous_week_weather,Geography–season–previous-week weather,5491,1898.0,0.6545255873247131,False,False,False,False
G001057,2025-11-17,1,32.3850981945871,131.51151733134145,1,0.6777434291786226,test_fy2025,geo_season_previous_week_weather,Geography–season–previous-week weather,5491,64.0,0.988526680021854,False,True,True,True
G001745,2025-12-01,1,35.4409533592948,133.39797942799242,1,0.6060781142749204,test_fy2025,geo_season_previous_week_weather,Geography–season–previous-week weather,5491,1823.0,0.6681843015844109,False,False,False,False
G001942,2025-12-15,1,35.14767384591075,134.02680012687608,1,0.6825533470101883,test_fy2025,geo_season_previous_week_weather,Geography–season–previous-week weather,5491,1175.0,0.7861955927881988,False,False,False,False
G002129,2025-12-15,1,34.92701787656751,134.65562082575977,1,0.7137273846365404,test_fy2025,geo_season_previous_week_weather,Geography–season–previous-week weather,5491,907.0,0.8350027317428519,False,False,False,True
G002364,2025-12-22,1,35.00063606189606,135.55393610987923,1,0.5555646196429221,test_fy2025,geo_season_previous_week_weather,Geography–season–previous-week weather,5491,1432.0,0.7393917319249681,False,False,False,False
G004117,2025-12-22,1,36.459023993268765,140.31500711571272,1,0.5418307075116114,test_fy2025,geo_season_previous_week_weather,Geography–season–previous-week weather,5491,1630.0,0.7033327262793663,False,False,False,False
G001092,2025-12-29,1,32.68802686104223,131.60134885975336,1,0.38016399749052004,test_fy2025,geo_season_previous_week_weather,Geography–season–previous-week weather,5491,1743.0,0.6827535967947551,False,False,False,False
G003354,2025-12-29,1,36.024314913767554,139.3268603031813,1,0.5689909270329959,test_fy2025,geo_season_previous_week_weather,Geography–season–previous-week weather,5491,84.0,0.9848843562192678,False,True,True,True
G005504,2025-12-29,1,42.94739058467374,141.84214309871592,1,0.0033062046255299955,test_fy2025,geo_season_previous_week_weather,Geography–season–previous-week weather,5491,3724.0,0.32198142414860687,False,False,False,False
G002049,2026-01-05,1,34.187210306310234,134.38612624052388,1,0.6502523610495617,test_fy2025,geo_season_previous_week_weather,Geography–season–previous-week weather,5491,564.0,0.8974685849572027,False,False,False,True
G002129,2026-01-05,1,34.92701787656751,134.65562082575977,1,0.606623798529957,test_fy2025,geo_season_previous_week_weather,Geography–season–previous-week weather,5491,908.0,0.8348206155527227,False,False,False,True
G002590,2026-01-12,1,34.63188463474168,136.36241986558684,1,0.5992836940930116,test_fy2025,geo_season_previous_week_weather,Geography–season–previous-week weather,5491,816.0,0.8515753050446184,False,False,False,True
G002779,2026-01-19,1,35.587194130262716,136.9912405644705,1,0.5828874626034539,test_fy2025,geo_season_previous_week_weather,Geography–season–previous-week weather,5491,937.0,0.8295392460389729,False,False,False,True
G004918,2026-02-16,1,39.22510615028063,141.03365934300834,1,0.013455697243721572,test_fy2025,geo_season_previous_week_weather,Geography–season–previous-week weather,5491,1770.0,0.6778364596612638,False,False,False,False
G005502,2026-03-02,1,42.81574042469704,141.84214309871592,1,0.00493977308063434,test_fy2025,geo_season_previous_week_weather,Geography–season–previous-week weather,5491,2194.0,0.6006191950464397,False,False,False,False
G004647,2026-03-23,1,37.96135198789263,140.7641647577725,1,0.082274356858299,test_fy2025,geo_season_previous_week_weather,Geography–season–previous-week weather,5491,255.0,0.9537424877071572,False,True,True,True
G005326,2026-03-23,1,42.81574042469704,141.57264851348003,1,0.04744593258339695,test_fy2025,geo_season_previous_week_weather,Geography–season–previous-week weather,5491,485.0,0.9118557639774176,False,False,True,True
G005084,2025-10-20,1,42.5515976058003,141.21332239983226,1,0.08913150774370567,test_fy2025,geo_season_previous_week_weather_same_grid_lags,Baseline + same-grid outbreak lags,5491,464.0,0.9156802039701329,False,False,True,True
G005272,2025-10-27,1,42.88160061917065,141.48281698506813,1,0.03308863640419769,test_fy2025,geo_season_previous_week_weather_same_grid_lags,Baseline + same-grid outbreak lags,5491,4079.0,0.2573301766527044,False,False,False,False
G003462,2025-11-03,1,38.032143327565045,139.5065233600052,2,0.33787396821496546,test_fy2025,geo_season_previous_week_weather_same_grid_lags,Baseline + same-grid outbreak lags,5491,1960.0,0.6432343835366965,False,False,False,False
G001057,2025-11-17,1,32.3850981945871,131.51151733134145,1,0.6103063380581498,test_fy2025,geo_season_previous_week_weather_same_grid_lags,Baseline + same-grid outbreak lags,5491,134.0,0.9757785467128027,False,True,True,True
G001745,2025-12-01,1,35.4409533592948,133.39797942799242,1,0.6971816902382322,test_fy2025,geo_season_previous_week_weather_same_grid_lags,Baseline + same-grid outbreak lags,5491,1283.0,0.7665270442542342,False,False,False,False
G001942,2025-12-15,1,35.14767384591075,134.02680012687608,1,0.7390943011638484,test_fy2025,geo_season_previous_week_weather_same_grid_lags,Baseline + same-grid outbreak lags,5491,928.0,0.8311782917501366,False,False,False,True
G002129,2025-12-15,1,34.92701787656751,134.65562082575977,1,0.7307358570601218,test_fy2025,geo_season_previous_week_weather_same_grid_lags,Baseline + same-grid outbreak lags,5491,1057.0,0.8076853032234566,False,False,False,True
G002364,2025-12-22,1,35.00063606189606,135.55393610987923,1,0.5986123659390837,test_fy2025,geo_season_previous_week_weather_same_grid_lags,Baseline + same-grid outbreak lags,5491,1276.0,0.7678018575851393,False,False,False,False
G004117,2025-12-22,1,36.459023993268765,140.31500711571272,1,0.5121102631507419,test_fy2025,geo_season_previous_week_weather_same_grid_lags,Baseline + same-grid outbreak lags,5491,1987.0,0.6383172464032052,False,False,False,False
G001092,2025-12-29,1,32.68802686104223,131.60134885975336,1,0.44570444121761216,test_fy2025,geo_season_previous_week_weather_same_grid_lags,Baseline + same-grid outbreak lags,5491,1622.0,0.7047896558004006,False,False,False,False
G003354,2025-12-29,1,36.024314913767554,139.3268603031813,1,0.5573232540887015,test_fy2025,geo_season_previous_week_weather_same_grid_lags,Baseline + same-grid outbreak lags,5491,335.0,0.939173192496813,False,False,True,True
G005504,2025-12-29,1,42.94739058467374,141.84214309871592,1,0.017551001686346077,test_fy2025,geo_season_previous_week_weather_same_grid_lags,Baseline + same-grid outbreak lags,5491,4299.0,0.21726461482425785,False,False,False,False
G002049,2026-01-05,1,34.187210306310234,134.38612624052388,1,0.6453965874596878,test_fy2025,geo_season_previous_week_weather_same_grid_lags,Baseline + same-grid outbreak lags,5491,633.0,0.8849025678382808,False,False,False,True
G002129,2026-01-05,1,34.92701787656751,134.65562082575977,1,0.6417594551743598,test_fy2025,geo_season_previous_week_weather_same_grid_lags,Baseline + same-grid outbreak lags,5491,683.0,0.8757967583318157,False,False,False,True
G002590,2026-01-12,1,34.63188463474168,136.36241986558684,1,0.6306136006985343,test_fy2025,geo_season_previous_week_weather_same_grid_lags,Baseline + same-grid outbreak lags,5491,727.0,0.8677836459661263,False,False,False,True
G002779,2026-01-19,1,35.587194130262716,136.9912405644705,1,0.5701835843415112,test_fy2025,geo_season_previous_week_weather_same_grid_lags,Baseline + same-grid outbreak lags,5491,1133.0,0.7938444727736296,False,False,False,False
G004918,2026-02-16,1,39.22510615028063,141.03365934300834,1,0.01685375602315512,test_fy2025,geo_season_previous_week_weather_same_grid_lags,Baseline + same-grid outbreak lags,5491,2646.0,0.5183026771079948,False,False,False,False
G005502,2026-03-02,1,42.81574042469704,141.84214309871592,1,0.0171864249489383,test_fy2025,geo_season_previous_week_weather_same_grid_lags,Baseline + same-grid outbreak lags,5491,2343.0,0.5734838827171735,False,False,False,False
G004647,2026-03-23,1,37.96135198789263,140.7641647577725,1,0.12196607601539675,test_fy2025,geo_season_previous_week_weather_same_grid_lags,Baseline + same-grid outbreak lags,5491,326.0,0.9408122382079767,False,False,True,True
G005326,2026-03-23,1,42.81574042469704,141.57264851348003,1,0.053130466191318323,test_fy2025,geo_season_previous_week_weather_same_grid_lags,Baseline + same-grid outbreak lags,5491,906.0,0.8351848479329813,False,False,False,True
G005084,2025-10-20,1,42.5515976058003,141.21332239983226,1,0.07960344035001746,test_fy2025,geo_season_previous_week_weather_neighbor_past,Baseline + neighboring past outbreaks,5491,393.0,0.9286104534693134,False,False,True,True
G005272,2025-10-27,1,42.88160061917065,141.48281698506813,1,0.03764660048326254,test_fy2025,geo_season_previous_week_weather_neighbor_past,Baseline + neighboring past outbreaks,5491,3750.0,0.317246403205245,False,False,False,False
G003462,2025-11-03,1,38.032143327565045,139.5065233600052,2,0.32468843796412883,test_fy2025,geo_season_previous_week_weather_neighbor_past,Baseline + neighboring past outbreaks,5491,2169.0,0.6051720997996721,False,False,False,False
G001057,2025-11-17,1,32.3850981945871,131.51151733134145,1,0.6719176585570988,test_fy2025,geo_season_previous_week_weather_neighbor_past,Baseline + neighboring past outbreaks,5491,106.0,0.9808778000364232,False,True,True,True
G001745,2025-12-01,1,35.4409533592948,133.39797942799242,1,0.6646151257578968,test_fy2025,geo_season_previous_week_weather_neighbor_past,Baseline + neighboring past outbreaks,5491,1296.0,0.7641595337825533,False,False,False,False
G001942,2025-12-15,1,35.14767384591075,134.02680012687608,1,0.6624693414453635,test_fy2025,geo_season_previous_week_weather_neighbor_past,Baseline + neighboring past outbreaks,5491,882.0,0.8395556364960846,False,False,False,True
G002129,2025-12-15,1,34.92701787656751,134.65562082575977,1,0.664308517871841,test_fy2025,geo_season_previous_week_weather_neighbor_past,Baseline + neighboring past outbreaks,5491,855.0,0.8444727736295756,False,False,False,True
G002364,2025-12-22,1,35.00063606189606,135.55393610987923,1,0.5054253075376051,test_fy2025,geo_season_previous_week_weather_neighbor_past,Baseline + neighboring past outbreaks,5491,1356.0,0.7532325623747951,False,False,False,False
G004117,2025-12-22,1,36.459023993268765,140.31500711571272,1,0.3955317053090518,test_fy2025,geo_season_previous_week_weather_neighbor_past,Baseline + neighboring past outbreaks,5491,2083.0,0.6208340921507922,False,False,False,False
G001092,2025-12-29,1,32.68802686104223,131.60134885975336,1,0.29790631788829147,test_fy2025,geo_season_previous_week_weather_neighbor_past,Baseline + neighboring past outbreaks,5491,1642.0,0.7011473319978145,False,False,False,False
G003354,2025-12-29,1,36.024314913767554,139.3268603031813,1,0.4467824671340948,test_fy2025,geo_season_previous_week_weather_neighbor_past,Baseline + neighboring past outbreaks,5491,822.0,0.8504826079038427,False,False,False,True
G005504,2025-12-29,1,42.94739058467374,141.84214309871592,1,0.004757405133996929,test_fy2025,geo_season_previous_week_weather_neighbor_past,Baseline + neighboring past outbreaks,5491,4597.0,0.1629939901657257,False,False,False,False
G002049,2026-01-05,1,34.187210306310234,134.38612624052388,1,0.6639684099949038,test_fy2025,geo_season_previous_week_weather_neighbor_past,Baseline + neighboring past outbreaks,5491,182.0,0.9670369695865962,False,True,True,True
G002129,2026-01-05,1,34.92701787656751,134.65562082575977,1,0.5276755938789603,test_fy2025,geo_season_previous_week_weather_neighbor_past,Baseline + neighboring past outbreaks,5491,1051.0,0.8087780003642324,False,False,False,True
G002590,2026-01-12,1,34.63188463474168,136.36241986558684,1,0.5286948045657349,test_fy2025,geo_season_previous_week_weather_neighbor_past,Baseline + neighboring past outbreaks,5491,907.0,0.8350027317428519,False,False,False,True
G002779,2026-01-19,1,35.587194130262716,136.9912405644705,1,0.4427177238077358,test_fy2025,geo_season_previous_week_weather_neighbor_past,Baseline + neighboring past outbreaks,5491,885.0,0.8390092879256966,False,False,False,True
G004918,2026-02-16,1,39.22510615028063,141.03365934300834,1,0.008818927111274147,test_fy2025,geo_season_previous_week_weather_neighbor_past,Baseline + neighboring past outbreaks,5491,2534.0,0.5386996904024768,False,False,False,False
G005502,2026-03-02,1,42.81574042469704,141.84214309871592,1,0.009549029422832752,test_fy2025,geo_season_previous_week_weather_neighbor_past,Baseline + neighboring past outbreaks,5491,2609.0,0.5250409761427791,False,False,False,False
G004647,2026-03-23,1,37.96135198789263,140.7641647577725,1,0.08417934410450549,test_fy2025,geo_season_previous_week_weather_neighbor_past,Baseline + neighboring past outbreaks,5491,361.0,0.9344381715534511,False,False,True,True
G005326,2026-03-23,1,42.81574042469704,141.57264851348003,1,0.016210962015108542,test_fy2025,geo_season_previous_week_weather_neighbor_past,Baseline + neighboring past outbreaks,5491,1157.0,0.7894736842105263,False,False,False,False
G005084,2025-10-20,1,42.5515976058003,141.21332239983226,1,0.07235856457466935,test_fy2025,geo_season_previous_week_weather_lags_neighbor_past,Baseline + same-grid lags + neighboring past outbreaks,5491,1199.0,0.7818248042250956,False,False,False,False
G005272,2025-10-27,1,42.88160061917065,141.48281698506813,1,0.0412491531779022,test_fy2025,geo_season_previous_week_weather_lags_neighbor_past,Baseline + same-grid lags + neighboring past outbreaks,5491,3930.0,0.28446548898197055,False,False,False,False
G003462,2025-11-03,1,38.032143327565045,139.5065233600052,2,0.33256049375379126,test_fy2025,geo_season_previous_week_weather_lags_neighbor_past,Baseline + same-grid lags + neighboring past outbreaks,5491,2422.0,0.5590967036969587,False,False,False,False
G001057,2025-11-17,1,32.3850981945871,131.51151733134145,1,0.6700899041444376,test_fy2025,geo_season_previous_week_weather_lags_neighbor_past,Baseline + same-grid lags + neighboring past outbreaks,5491,75.0,0.9865234019304316,False,True,True,True
G001745,2025-12-01,1,35.4409533592948,133.39797942799242,1,0.6878851292500818,test_fy2025,geo_season_previous_week_weather_lags_neighbor_past,Baseline + same-grid lags + neighboring past outbreaks,5491,1027.0,0.8131487889273357,False,False,False,True
G001942,2025-12-15,1,35.14767384591075,134.02680012687608,1,0.6783396055409842,test_fy2025,geo_season_previous_week_weather_lags_neighbor_past,Baseline + same-grid lags + neighboring past outbreaks,5491,787.0,0.8568566745583682,False,False,False,True
G002129,2025-12-15,1,34.92701787656751,134.65562082575977,1,0.6633754105755293,test_fy2025,geo_season_previous_week_weather_lags_neighbor_past,Baseline + same-grid lags + neighboring past outbreaks,5491,948.0,0.8275359679475506,False,False,False,True
G002364,2025-12-22,1,35.00063606189606,135.55393610987923,1,0.48702958605684105,test_fy2025,geo_season_previous_week_weather_lags_neighbor_past,Baseline + same-grid lags + neighboring past outbreaks,5491,1904.0,0.6534328901839374,False,False,False,False
G004117,2025-12-22,1,36.459023993268765,140.31500711571272,1,0.4321479125300738,test_fy2025,geo_season_previous_week_weather_lags_neighbor_past,Baseline + same-grid lags + neighboring past outbreaks,5491,2088.0,0.6199235112001458,False,False,False,False
G001092,2025-12-29,1,32.68802686104223,131.60134885975336,1,0.3456298423405139,test_fy2025,geo_season_previous_week_weather_lags_neighbor_past,Baseline + same-grid lags + neighboring past outbreaks,5491,1594.0,0.7098889091240211,False,False,False,False
G003354,2025-12-29,1,36.024314913767554,139.3268603031813,1,0.4900571998085452,test_fy2025,geo_season_previous_week_weather_lags_neighbor_past,Baseline + same-grid lags + neighboring past outbreaks,5491,662.0,0.879621198324531,False,False,False,True
G005504,2025-12-29,1,42.94739058467374,141.84214309871592,1,0.01736771584036289,test_fy2025,geo_season_previous_week_weather_lags_neighbor_past,Baseline + same-grid lags + neighboring past outbreaks,5491,4363.0,0.2056091786559825,False,False,False,False
G002049,2026-01-05,1,34.187210306310234,134.38612624052388,1,0.6173438674171953,test_fy2025,geo_season_previous_week_weather_lags_neighbor_past,Baseline + same-grid lags + neighboring past outbreaks,5491,551.0,0.8998360954288837,False,False,False,True
G002129,2026-01-05,1,34.92701787656751,134.65562082575977,1,0.5525217327041312,test_fy2025,geo_season_previous_week_weather_lags_neighbor_past,Baseline + same-grid lags + neighboring past outbreaks,5491,1020.0,0.8144236022582407,False,False,False,True
G002590,2026-01-12,1,34.63188463474168,136.36241986558684,1,0.5150843895871076,test_fy2025,geo_season_previous_week_weather_lags_neighbor_past,Baseline + same-grid lags + neighboring past outbreaks,5491,1057.0,0.8076853032234566,False,False,False,True
G002779,2026-01-19,1,35.587194130262716,136.9912405644705,1,0.4119771425198239,test_fy2025,geo_season_previous_week_weather_lags_neighbor_past,Baseline + same-grid lags + neighboring past outbreaks,5491,1674.0,0.6953196139136769,False,False,False,False
G004918,2026-02-16,1,39.22510615028063,141.03365934300834,1,0.029432240399139668,test_fy2025,geo_season_previous_week_weather_lags_neighbor_past,Baseline + same-grid lags + neighboring past outbreaks,5491,1616.0,0.7058823529411764,False,False,False,False
G005502,2026-03-02,1,42.81574042469704,141.84214309871592,1,0.01085152542059718,test_fy2025,geo_season_previous_week_weather_lags_neighbor_past,Baseline + same-grid lags + neighboring past outbreaks,5491,3285.0,0.40193043161537056,False,False,False,False
G004647,2026-03-23,1,37.96135198789263,140.7641647577725,1,0.10103938662032576,test_fy2025,geo_season_previous_week_weather_lags_neighbor_past,Baseline + same-grid lags + neighboring past outbreaks,5491,394.0,0.9284283372791842,False,False,True,True
G005326,2026-03-23,1,42.81574042469704,141.57264851348003,1,0.02295220356313218,test_fy2025,geo_season_previous_week_weather_lags_neighbor_past,Baseline + same-grid lags + neighboring past outbreaks,5491,1195.0,0.7825532689856128,False,False,False,False
